<?xml version="1.0" encoding="utf-8"?>
<odoo>
	<data noupdate="1">
    	<record id="module_installation_user_and_manager" model="ir.module.category">
            <field name="name">Installation User and Manager</field>
            <field name="sequence">30</field>
        </record>
        
        <record id="group_installation_manager" model="res.groups">
            <field name="name">Installation Manager</field>
            <field name="category_id" ref="module_installation_user_and_manager"/>
            <field name="users" eval="[(4, ref('base.user_root'))]"/>
        </record>
        
        <record id="group_installation_user" model="res.groups">
            <field name="name">Installation User</field>
            <field name="category_id" ref="module_installation_user_and_manager"/>
            <field name="implied_ids" eval="[(4, ref('group_installation_manager'))]"/>
            <field name="users" eval="[(4, ref('base.user_root'))]"/>
        </record>
    </data>
</odoo>